"meeting_id","meeting_date","meeting_name","meeting_url"
"1","2018-05-25","Cranbourne","http://www.racingzone.com.au/form-guide/cranbourne/2018-05-25/"
"2","2018-05-25","Canberra Acton","http://www.racingzone.com.au/form-guide/canberra-acton/2018-05-25/"
"3","2018-05-25","Casino","http://www.racingzone.com.au/form-guide/casino/2018-05-25/"
"4","2018-05-25","Werribee","http://www.racingzone.com.au/form-guide/werribee/2018-05-25/"
"5","2018-05-25","Ipswich","http://www.racingzone.com.au/form-guide/ipswich/2018-05-25/"
"6","2018-05-25","Carnarvon","http://www.racingzone.com.au/form-guide/carnarvon/2018-05-25/"
"7","2018-05-25","Wingatui","http://www.racingzone.com.au/form-guide/wingatui/2018-05-25/"
"8","2018-05-26","Doomben","http://www.racingzone.com.au/form-guide/doomben/2018-05-26/"
"9","2018-05-26","Sandown Lakeside","http://www.racingzone.com.au/form-guide/sandown-lakeside/2018-05-26/"
"10","2018-05-26","Randwick","http://www.racingzone.com.au/form-guide/randwick/2018-05-26/"
"11","2018-05-26","Belmont Park","http://www.racingzone.com.au/form-guide/belmont-park/2018-05-26/"
"12","2018-05-26","Morphettville Parks","http://www.racingzone.com.au/form-guide/morphettville-parks/2018-05-26/"
"13","2018-05-26","Gosford","http://www.racingzone.com.au/form-guide/gosford/2018-05-26/"
"14","2018-05-26","Mackay","http://www.racingzone.com.au/form-guide/mackay/2018-05-26/"
"15","2018-05-26","Warracknabeal","http://www.racingzone.com.au/form-guide/warracknabeal/2018-05-26/"
"16","2018-05-26","Fannie Bay","http://www.racingzone.com.au/form-guide/fannie-bay/2018-05-26/"
"17","2018-05-26","Gold Coast","http://www.racingzone.com.au/form-guide/gold-coast/2018-05-26/"
"18","2018-05-26","Toowoomba","http://www.racingzone.com.au/form-guide/toowoomba/2018-05-26/"
"19","2018-05-26","Wagga","http://www.racingzone.com.au/form-guide/wagga/2018-05-26/"
"20","2018-05-26","Innisfail","http://www.racingzone.com.au/form-guide/innisfail/2018-05-26/"
"21","2018-05-26","Aramac","http://www.racingzone.com.au/form-guide/aramac/2018-05-26/"
"22","2018-05-26","Leinster","http://www.racingzone.com.au/form-guide/leinster/2018-05-26/"
"23","2018-05-26","Mt Isa","http://www.racingzone.com.au/form-guide/mt-isa/2018-05-26/"
"24","2018-05-26","Nanango","http://www.racingzone.com.au/form-guide/nanango/2018-05-26/"
"25","2018-05-26","Thangool","http://www.racingzone.com.au/form-guide/thangool/2018-05-26/"
"26","2018-05-26","Hawker","http://www.racingzone.com.au/form-guide/hawker/2018-05-26/"
"27","2018-05-26","Wauchope","http://www.racingzone.com.au/form-guide/wauchope/2018-05-26/"
"28","2018-05-26","Moree","http://www.racingzone.com.au/form-guide/moree/2018-05-26/"
"29","2018-05-26","Pukekohe Park","http://www.racingzone.com.au/form-guide/pukekohe-park/2018-05-26/"
"30","2018-05-26","Trentham","http://www.racingzone.com.au/form-guide/trentham/2018-05-26/"
