"race_id","meeting_id","race_number","race_schedule_time","race_title","race_distance"
"1","1","1","18:00","Procon Developments Maiden Plate","1200"
"2","1","2","18:30","R & C Asphalt Maiden Plate","1000"
"3","1","3","19:00","Mypunter.Com Maiden Plate","2025"
"4","1","4","19:30","Browns Sawdust & Shavings Maiden","1400"
"5","1","5","20:00","T Harrison Apprent. Cup (Bm64)","1300"
"6","1","6","20:30","T J Harrison Plate (Bm78)","2025"
"7","1","7","21:00","Mercedes-Benz Final (Bm78)","1600"
"8","1","8","21:30","Obrien R/E Sky Heights (Bm78)","2520"
"9","2","1","12:33","Underground Storage Tank Handicap","1080"
"10","2","2","13:08","Brema Grp Canberra Stayers Handicap","1900"
"11","2","3","13:43","Wrecking Ball Maiden Handicap","1080"
"12","2","4","14:18","Pulveriser Maiden Handicap","1280"
"13","2","5","14:53","Demolition Derby Plate (C1)","1750"
"14","2","6","15:28","Siracusa Sweepstakes (Bm60)","1080"
"15","2","7","16:03","Tab Federal (Bm65)","1206"
"16","2","8","16:37","Safety First Handicap (C2)","1280"
"17","3","1","12:15","Parker/Kissane Solicitors Handicap","1000"
"18","3","2","12:50","Wal's Concreting Maiden Plate","1000"
"19","3","3","13:25","Cmw Accountants Maiden Handicap","1300"
"20","3","4","14:00","Northern Rivers Concreting-C2","1000"
"21","3","5","14:35","Hotel Cecil (Bm60)","1200"
"22","3","6","15:10","Ncmc Casino Flying Handicap","1000"
"23","3","7","15:45","Casino Rsm Club Beef Week Cup","1400"
"24","3","8","16:20","Just Brakes & Exhausts Handicap-C3","1400"
"25","4","1","11:55","Tigers Clubhouse Maiden","1115"
"26","4","2","12:25","Manor Lakes Maiden","1115"
"27","4","3","13:00","Tab Maiden","1115"
"28","4","4","13:35","Tobin Brothers Maiden Plate","1625"
"29","4","5","14:10","Become A Werribee R.C. (Bm58)","1425"
"30","4","6","14:45","Werribee R.C. Committee-Bm64","1425"
"31","4","7","15:20","Werribeefunctioncentre (Bm58)","2030"
"32","4","8","15:55","Become Wrc Corp. Sponsor-Bm58","1115"
"33","4","9","16:30","Wyndham Business/Tourism-Bm58","1625"
"34","5","1","12:57","Channel 7 Ipswich Cup 16/6 Maiden","2200"
"35","5","2","13:32","Enter Fashions On Field Maiden","1350"
"36","5","3","14:07","McNamara & Assoc Maiden Handicap","1100"
"37","5","4","14:42","Party In Pimms Area Plate (C2)","800"
"38","5","5","15:17","Buy Lazy Bear Hill Tix Handicap-C1","1350"
"39","5","6","15:52","Corona Infield Fest. Tix (C3)","1200"
"40","5","7","16:27","Tickets @ Ipswichturfclub-Bm62","1700"
"41","6","1","16:10","Carnarvon Bus Charter Maiden","1000"
"42","6","2","16:45","Avis Carnarvon (Bm64+)","1200"
"43","6","3","17:15","Toyworld Handicap (C3)","1200"
"44","6","4","17:45","Chicken Treat (Bm56+)","1000"
"45","6","5","18:15","Coral Coast Vet Hospital (C1)","1400"
"46","6","6","18:45","Gascoyne Essential Serv.-Bm56+","1400"
"47","7","1","09:39","Southern Motor Group (Bm85)","1600"
"48","7","2","10:09","Lifestyle/Residential (Bm75)","1400"
"49","7","3","10:44","Carefree Stables Maiden","1200"
"50","7","4","11:19","Tobique@clearview Pk Stud-Bm65","1200"
"51","7","5","11:54","Pure Champion @willow Glen Maiden","2200"
"52","7","6","12:29","Balmoral Estate (Bm65)","2200"
"53","7","7","13:04","Ray & A Kean Real Estate-Bm65","2200"
"54","7","8","13:37","Nzb Insurance Pearl Series Maiden","1400"
"55","7","9","14:12","Ladies' Day On June 2nd-Bm65","1600"
"56","8","1","11:10","Wilpak Wholesale Meats (Bm95)","1200"
"57","8","2","11:46","Grand Prix","2200"
"58","8","3","12:21","Premier's Cup","2200"
"59","8","4","13:00","Lord Mayor's Cup","1630"
"60","8","5","13:40","Sires' Produce","1350"
"61","8","6","14:20","Glenlogan Park Stakes","1350"
"62","8","7","14:59","Kingsford-Smith Cup","1350"
"63","8","8","15:37","Queensland Oaks","2200"
"64","8","9","16:16","Sky Racing Fred Best Classic","1350"
"65","9","1","11:35","Ladbrokes Back Yourself Hcp","1200"
"66","9","2","12:10","Ladbrokes Odds Boost (Bm78)","1200"
"67","9","3","12:50","Ladbrokes Odds Boost (Bm90)","2400"
"68","9","4","13:30","Ladbrokes Australian Stpl","3400"
"69","9","5","14:10","Ladbrokes Australian Hrdl","3400"
"70","9","6","14:50","Ladbrokes Cash Out Hcp","2100"
"71","9","7","15:28","Samson (Bm84)","1400"
"72","9","8","16:05","Ladbrokes Info Hub (Bm78)","1600"
"73","9","9","16:40","Ladbrokes Multimaker Hcp","1400"
"74","10","1","11:25","Energy Air Plate","1400"
"75","10","2","12:00","Supporterhub (Bm76)","1400"
"76","10","3","12:35","McCarthy Homes (Bm80)","1200"
"77","10","4","13:15","Tab Highway Hcp (C3)","1000"
"78","10","5","13:55","Eml (Bm85)","1600"
"79","10","6","14:35","Wilson Asset Management (Bm79)","2000"
"80","10","7","15:15","McKell Cup","2400"
"81","10","8","15:50","The Man Shake Hcp","1100"
"82","10","9","16:30","Anthony Diprose Memorial-Bm77","1400"
"83","11","1","12:14","Tabtouch (Bm78+)","2200"
"84","11","2","12:53","Mumm Champagne Plate","1000"
"85","11","3","13:31","Iron Jack (Rs1mw)","1600"
"86","11","4","14:10","Ascend Sales Trophies (Bm78+)","1600"
"87","11","5","14:48","Peninsula Dining Room Hcp","1300"
"88","11","6","15:25","Glenroy Chaff (Rs1mw)","1000"
"89","11","7","16:00","Skyracing.Tv-Prov.C'ship-Bm62+","1400"
"90","11","8","16:35","Vale Alan Croll (Bm66+)","1200"
"91","12","1","11:56","Alan Sheppard Construction Hcp","1000"
"92","12","2","12:35","Thomas Foods Kitchen (Bm90)","1250"
"93","12","3","13:16","The Seppeltsfield (Bm70)","1250"
"94","12","4","13:56","Australian Made Advantage-Bm64","1550"
"95","12","5","14:35","Lexus Of Adelaide (Bm75)","1000"
"96","12","6","15:12","McMahon Services (Bm82)","1950"
"97","12","7","15:51","Resource Co Hcp","1300"
"98","12","8","16:30","Hughes Limousines (Bm75)","1400"
"99","13","1","11:39","Airpak Sheet Metal Mdn Hcp","1100"
"100","13","2","12:14","Byrne Pipe And Civil (Bm62)","1600"
"101","13","3","12:46","McPherson Plumbing Mdn","1600"
"102","13","4","13:26","Berkshire Bpo Mdn Hcp","1000"
"103","13","5","14:06","Titan Financial Planning (C2)","1100"
"104","13","6","14:44","Terrigal Hotel F&M Mdn Hcp","1100"
"105","13","7","15:23","Lcd Debt Solutions (Bm65)","1200"
"106","13","8","16:01","Spackman Auto Centre (Bm70)","2600"
"107","14","1","12:42","Mojo (Bm60)","2000"
"108","14","2","13:22","Man About Menswear (Bm65)","1560"
"109","14","3","14:02","Hallie Connors Memorial Mdn","1300"
"110","14","4","14:41","Seven News Mackay Hcp (60)","1050"
"111","14","5","15:21","Nat. Body & Beauty Clinic (70)","1200"
"112","14","6","15:57","Woodmans Mackay Amateur Cup","1800"
"113","14","7","16:37","Maria Stebhens Memorial Wfa","1300"
"114","15","1","11:55","Be Races Ready Mdn Plate","1000"
"115","15","2","12:31","Emmett's Wbeal Branch Mdn","1200"
"116","15","3","13:10","Best Tm Mdn Plate","1800"
"117","15","4","13:51","Warrack Motel Hcp (58)","1600"
"118","15","5","14:31","Pony Xpress Hcp (58)","1600"
"119","15","6","15:10","Emmett's/John Deere (Bm64)","2000"
"120","15","7","15:47","Ladbrokes Hcp (58)","1000"
"121","15","8","16:26","Racing Again Tues Aug 7 Hcp-58","1200"
"122","16","1","13:53","Mjs Floor Coverings Hcp (64)","1300"
"123","16","2","14:37","Mantra Hcp","1300"
"124","16","3","15:15","Ten Darwin Hcp (58)","1300"
"125","16","4","15:53","Carlton United Breweries (C2)","1200"
"126","16","5","16:25","Bet365 Trobis (Bm56)","1100"
"127","16","6","17:00","Qbe (Bm54)","1100"
"128","17","1","12:04","Gctc Tickets Online Mdn","1200"
"129","17","2","12:39","Canadian Club Mdn Plate","1200"
"130","17","3","13:19","Cascade Hcp (C4)","900"
"131","17","4","13:59","Mount Franklin Hcp (C1)","900"
"132","17","5","14:38","Jim Beam Hcp (C3)","1400"
"133","17","6","15:18","Mt Franklin Lightly Sparkling","1400"
"134","17","7","15:54","Makers Mark Hcp (65)","1800"
"135","17","8","16:34","Coca-Cola Plate (C1)","1300"
"136","18","1","17:05","Complete Bathrooms (Bm65)","1050"
"137","18","2","17:35","Dolley Concreting Hcp (C2)","1300"
"138","18","3","18:10","Pengelly Truck & Trailers-Bm75","1210"
"139","18","4","18:50","Garden City Refrigeration-Bm58","2030"
"140","18","5","19:30","Solomon Carpets Mdn Hcp","1300"
"141","18","6","20:00","Greenridge Hcp","870"
"142","18","7","20:30","Hancock Builders Mdn Hcp","1650"
"143","19","1","12:54","Warburn Estate Mdn Plate","1600"
"144","19","2","13:34","Jugiong Wine Cellar/Grove Mdn","1200"
"145","19","3","14:17","Wagga Plumbing Service Hcp-C1","1200"
"146","19","4","15:01","Estella Rise Cup","1200"
"147","19","5","15:39","Pirtek Benchmark (Bm53)","1800"
"148","19","6","16:12","Thomas Bros Group Hcp (C3)","1000"
"149","20","1","13:20","Sultana Constructions Mdn","1000"
"150","20","2","14:00","2018 Race To The Reef Hcp","1000"
"151","20","3","14:40","Goondi Scouts (Bm60)","1100"
"152","20","4","15:20","Pease Park Management (Cl B)","1500"
"153","20","5","16:00","Fnq Up & Coming Stayers (Bm60)","1800"
"154","21","1","13:35","(Bm55)","1000"
"155","21","2","14:15","Wfa","1000"
"156","21","3","14:50","Maiden Plate","1200"
"157","21","4","15:30","Plate (C6)","1200"
"158","21","5","16:10","(Bm60)","1400"
"159","22","1","12:50","(Bm56+)","1600"
"160","22","2","13:25","Hcp (Cls B)","1000"
"161","22","3","14:05","(Bm56+)","1000"
"162","22","4","14:40","Mdn Plate","1350"
"163","22","5","15:15","Hcp (Cls B)","1350"
"164","22","6","15:55","(Bm64+)","1350"
"165","23","1","13:00","Steejo Press Hcp (Cl B)","1200"
"166","23","2","13:40","Qccu (Bm65)","1200"
"167","23","3","14:20","Get Keen For Mt Isa Cup Mdn","1100"
"168","23","4","15:00","Become A Member Of Mirc (Bm55)","1000"
"169","23","5","15:40","Do It For Dolly Day Hcp (60)","1450"
"170","23","6","16:20","2018 Outback Racing Plate","1450"
"171","24","1","13:20","Tom & Helen Anniversary Mdn","800"
"172","24","2","14:00","Gary & Margaret Banks Mem.(60)","1000"
"173","24","3","14:40","St Marys Catholic College-Cl B","1200"
"174","24","4","15:20","Nanango Battle Of The Bush","1200"
"175","24","5","16:00","Nanango Vet Surgery (Bm50)","1600"
"176","25","1","12:45","(Bm60)","1600"
"177","25","2","13:25","Hcp (Cl B)","1400"
"178","25","3","14:05","Mdn Plate","1200"
"179","25","4","14:45","(Bm50)","1200"
"180","25","5","15:25","Open Hcp","1200"
"181","25","6","16:00","(Bm60)","800"
"182","26","1","12:55","Mdn Plate","1100"
"183","26","2","13:33","(Bm60)","1100"
"184","26","3","14:12","Mdn Plate","1400"
"185","26","4","14:52","Hawker Cup","1750"
"186","26","5","15:32","(Bm60)","1400"
"187","27","1","13:35","Mdn Plate","1650"
"188","27","2","14:15","Mdn Hcp","1000"
"189","27","3","14:50","Hcp (C1)","1000"
"190","27","4","15:30","(Bm47)","1650"
"191","27","5","16:10","Hcp (C1)","1240"
"192","28","1","13:10","Maiden Plate","950"
"193","28","2","13:50","Handicap (Cl B)","950"
"194","28","3","14:30","Pic Trophy (C3)","1200"
"195","28","4","15:10","Pic Trophy (C2)","1600"
"196","28","5","15:45","Pic Trophy","950"
"197","28","6","16:55","Moree Picnic Cup","1400"
"198","29","1","10:15","Versatile Homes & Bldg (Bm85)","2100"
"199","29","2","10:45","Lone Star Pukekohe Handicap","1600"
"200","29","3","11:19","Haunui Farm Handicap","1200"
"201","29","4","11:54","Martin ""smokey"" Morgan (Bm75)","1200"
"202","29","5","12:30","Veterinary Assoc. Equine-Bm65","1400"
"203","29","6","13:09","Ssangyong A'land Futurity Stakes","1400"
"204","29","7","13:49","Mount Shop (Bm75)","1600"
"205","30","1","12:30","Happy Birthday Ken Carson Mdn","1600"
"206","30","2","13:00","Irt North Island Hcp","1400"
"207","30","3","13:30","Nzb Ins. Pearl Series (Bm75)","1400"
"208","30","4","14:03","Go Racing (Bm65)","1600"
"209","30","5","14:41","Trentham Gold Cup (Bm75)","2100"
"210","30","6","15:21","Hanley Formula C'ship (Bm85)","1200"
"211","30","7","16:01","Upper Hutt Cossie Club (Bm65)","1200"
